{"cameraMode":{"drawMode":0,"name":"Shaded","section":"Shading Mode"},"sceneLighting":false,"audioPlay":false,"sceneViewState":{"m_AlwaysRefresh":false,"showFog":true,"showSkybox":false,"showFlares":true,"showImageEffects":true,"showParticleSystems":true,"showVisualEffectGraphs":true,"m_FxEnabled":false},"in2DMode":false,"pivot":{"x":-10.987422943115235,"y":6.909999847412109,"z":0.15999889373779298},"rotation":{"x":-0.11954063177108765,"y":-0.8717153072357178,"z":0.39587077498435976,"w":-0.26300323009490969},"size":12.80532169342041,"orthographic":false}