{"cameraMode":{"drawMode":0,"name":"Shaded","section":"Shading Mode"},"sceneLighting":false,"audioPlay":false,"sceneViewState":{"m_AlwaysRefresh":false,"showFog":true,"showSkybox":false,"showFlares":true,"showImageEffects":true,"showParticleSystems":true,"showVisualEffectGraphs":true,"m_FxEnabled":false},"in2DMode":false,"pivot":{"x":-0.26939699053764346,"y":0.5081589221954346,"z":-2.0574610233306886},"rotation":{"x":0.2622612416744232,"y":0.055581264197826388,"z":-0.01513003371655941,"w":0.9633054137229919},"size":0.11090537905693054,"orthographic":false}